[
 {
   "uf": 11,
   "nome_uf": "Rondonia",
   "nome_municipio": "Porto Velho",
   "codigo_municipio_completo": 1100205,
   "unidade_pf": "Superintendência Regional em Rondônia",
   "unidade_crim": "Setor Técnico-Científico",
   "sigla_crim": "SETEC/SR/PF/RO",
   "unid_endereco": "Av. Lauro Sodré, 2905 - Bairro Costa e Silva",
   "unid_CEP": "78903-711",
   "Lng": -8.738721,
   "Lat": -63.901947,
   "icon": "large_blue"
 },
 {
   "uf": 11,
   "nome_uf": "Rondônia",
   "nome_municipio": "Vilhena",
   "codigo_municipio_completo": 1100304,
   "unidade_pf": "Delegacia de Vilhena",
   "unidade_crim": "Unidade Técnico-Científica",
   "sigla_crim": "UTEC/PF/VLA/RO",
   "unid_endereco": "Av. 15 de Novembro, 3485",
   "unid_CEP": "76980-000",
   "Lng": -12.746067,
   "Lat": -60.144223,
   "icon": "large_green"
 },
 {
   "uf": 12,
   "nome_uf": "Acre",
   "nome_municipio": "Rio Branco",
   "codigo_municipio_completo": 1200401,
   "unidade_pf": "Superintendência Regional no Acre",
   "unidade_crim": "Setor Técnico-Científico",
   "sigla_crim": "SETEC/SR/PF/AC",
   "unid_endereco": "Rua Floriano Peixoto, 874 - Centro",
   "unid_CEP": "69.908-030",
   "Lng": -9.971661,
   "Lat": -67.85211,
   "icon": "large_blue"
 },
 {
   "uf": 13,
   "nome_uf": "Amazonas",
   "nome_municipio": "Manaus",
   "codigo_municipio_completo": 1302603,
   "unidade_pf": "Superintendência Regional no Amazonas",
   "unidade_crim": "Setor Técnico-Científico",
   "sigla_crim": "SETEC/SR/PF/AM",
   "unid_endereco": "Av. Domingos Jorge Velho nº 40, Bairro D. Pedro II",
   "unid_CEP": "69.042-470",
   "Lng": -3.084035,
   "Lat": -60.050439,
   "icon": "large_blue"
 },
 {
   "uf": 14,
   "nome_uf": "Roraima",
   "nome_municipio": "Boa Vista",
   "codigo_municipio_completo": 1400100,
   "unidade_pf": "Superintendência Regional em Roraima",
   "unidade_crim": "Setor Técnico-Científico",
   "sigla_crim": "SETEC/SR/PF/RR",
   "unid_endereco": "Avenida Brasil, nº. 551, bairro 13 de Setembro",
   "unid_CEP": "69308-050",
   "Lng": 2.802486,
   "Lat": -60.693693,
   "icon": "large_blue"
 },
 {
   "uf": 15,
   "nome_uf": "Pará",
   "nome_municipio": "Belém",
   "codigo_municipio_completo": 1501402,
   "unidade_pf": "Superintendência Regional no Pará",
   "unidade_crim": "Setor Técnico-Científico",
   "sigla_crim": "SETEC/SR/PF/PA",
   "unid_endereco": "Av. Almirante Barroso, 4466",
   "unid_CEP": "66610-000",
   "Lng": -1.414328,
   "Lat": -48.443834,
   "icon": "large_blue"
 },
 {
   "uf": 15,
   "nome_uf": "Pará",
   "nome_municipio": "Santarém",
   "codigo_municipio_completo": 1506807,
   "unidade_pf": "Delegacia de Santarém",
   "unidade_crim": "Unidade Técnico-Científica",
   "sigla_crim": "UTEC/PF/SNM/PA",
   "unid_endereco": "Av. Cuiabá,1040, Bairro: Caranazal",
   "unid_CEP": "68040-400",
   "Lng": -2.430892,
   "Lat": -54.739873,
   "icon": "large_green"
 },
 {
   "uf": 16,
   "nome_uf": "Amapá",
   "nome_municipio": "Macapá",
   "codigo_municipio_completo": 1600303,
   "unidade_pf": "Superintendência Regional no Amapá",
   "unidade_crim": "Setor Técnico-Científico",
   "sigla_crim": "SETEC/SR/PF/AP",
   "unid_endereco": "Entroncamento das rodovias Norte-Sul e BR-210 - Bairro Infraero",
   "unid_CEP": "68908-910",
   "Lng": 0.07768,
   "Lat": -51.06918,
   "icon": "large_blue"
 },
 {
   "uf": 17,
   "nome_uf": "Tocantins",
   "nome_municipio": "Palmas",
   "codigo_municipio_completo": 1721000,
   "unidade_pf": "Superintendência Regional no Tocantins",
   "unidade_crim": "Setor Técnico-Científico",
   "sigla_crim": "SETEC/SR/PF/TO",
   "unid_endereco": "Av. Teotonio Segurado, Qd. 302 Norte, QI 01 Lote 02 - Plano Diretor Norte",
   "unid_CEP": "77.006-332",
   "Lng": -10.171649,
   "Lat": -48.333133,
   "icon": "large_blue"
 },
 {
   "uf": 21,
   "nome_uf": "Maranhão",
   "nome_municipio": "São Luís",
   "codigo_municipio_completo": 2111300,
   "unidade_pf": "Superintendência Regional no Maranhão",
   "unidade_crim": "Setor Técnico-Científico",
   "sigla_crim": "SETEC/SR/PF/MA",
   "unid_endereco": "Av. Daniel de La Touche, nº 4000, Bairro Cohama",
   "unid_CEP": "65074-115",
   "Lng": -2.508214,
   "Lat": -44.242499,
   "icon": "large_blue"
 },
 {
   "uf": 21,
   "nome_uf": "Maranhão",
   "nome_municipio": "Imperatriz",
   "codigo_municipio_completo": 2105302,
   "unidade_pf": "Delegacia de Imperatriz",
   "unidade_crim": "Unidade Técnico-Científica",
   "sigla_crim": "UTEC/PF/ITZ/MA",
   "unid_endereco": "Avenida Imperatriz, s/n, quadra 10, lote 10-a - Parque Planalto",
   "unid_CEP": "65917-301",
   "Lng": -5.489592,
   "Lat": -47.478822,
   "icon": "large_green"
 },
 {
   "uf": 22,
   "nome_uf": "Piauí",
   "nome_municipio": "Teresina",
   "codigo_municipio_completo": 2211001,
   "unidade_pf": "Superintendência Regional no Piauí",
   "unidade_crim": "Setor Técnico-Científico",
   "sigla_crim": "SETEC/SR/PF/PI",
   "unid_endereco": "Av. João XXIII, 4500, bairro Recanto das Palmeiras",
   "unid_CEP": "64.045-795",
   "Lng": -5.080744,
   "Lat": -42.75911,
   "icon": "large_blue"
 },
 {
   "uf": 23,
   "nome_uf": "Ceará",
   "nome_municipio": "Fortaleza",
   "codigo_municipio_completo": 2304400,
   "unidade_pf": "Superintendência Regional no Ceará",
   "unidade_crim": "Setor Técnico-Científico",
   "sigla_crim": "SETEC/SR/PF/CE",
   "unid_endereco": "Av. Borges de Melo, 820 - Bairro de Fátima",
   "unid_CEP": "60415-510",
   "Lng": -3.760534,
   "Lat": -38.562682,
   "icon": "large_blue"
 },
 {
   "uf": 23,
   "nome_uf": "Ceará",
   "nome_municipio": "Juazeiro do Norte",
   "codigo_municipio_completo": 2307304,
   "unidade_pf": "Delegacia de Juazeiro do Norte",
   "unidade_crim": "Unidade Técnico-Científica",
   "sigla_crim": "UTEC/PF/JNE/CE",
   "unid_endereco": "Rua Interventor Erivano Cruz, 50 - Praça da Matriz",
   "unid_CEP": "63010-905",
   "Lng": -7.193455,
   "Lat": -39.316069,
   "icon": "large_green"
 },
 {
   "uf": 24,
   "nome_uf": "Rio Grande do Norte",
   "nome_municipio": "Natal",
   "codigo_municipio_completo": 2408102,
   "unidade_pf": "Superintendência Regional no Rio Grande do Norte",
   "unidade_crim": "Setor Técnico-Científico",
   "sigla_crim": "SETEC/SR/PF/RN",
   "unid_endereco": "Rua Dr. Lauro Pinto,155 - Lagoa Nova",
   "unid_CEP": "59064-250",
   "Lng": -5.825939,
   "Lat": -35.22414,
   "icon": "large_blue"
 },
 {
   "uf": 25,
   "nome_uf": "Paraíba",
   "nome_municipio": "João Pessoa",
   "codigo_municipio_completo": 2507507,
   "unidade_pf": "Superintendência Regional na Paraíba",
   "unidade_crim": "Setor Técnico-Científico",
   "sigla_crim": "SETEC/SR/PF/PB",
   "unid_endereco": "BR 230, Km 07, Rua Annita Luiza Mello Di Lascio, Ponta de Campina, Cabedelo",
   "unid_CEP": "58.310-000",
   "Lng": -7.031639,
   "Lat": -34.838655,
   "icon": "large_blue"
 },
 {
   "uf": 26,
   "nome_uf": "Pernambuco",
   "nome_municipio": "Recife",
   "codigo_municipio_completo": 2611606,
   "unidade_pf": "Superintendência Regional em Pernambuco",
   "unidade_crim": "Setor Técnico-Científico",
   "sigla_crim": "SETEC/SR/PF/PE",
   "unid_endereco": "Av. Martin Luther King (Cais do Apolo), 321 - Bairro do Recife",
   "unid_CEP": "50030-230",
   "Lng": -8.060084,
   "Lat": -34.872735,
   "icon": "large_blue"
 },
 {
   "uf": 27,
   "nome_uf": "Alagoas",
   "nome_municipio": "Maceió",
   "codigo_municipio_completo": 2704302,
   "unidade_pf": "Superintendência Regional em Alagoas",
   "unidade_crim": "Setor Técnico-Científico",
   "sigla_crim": "SETEC/SR/PF/AL",
   "unid_endereco": "Av. Walter Ananias nº705 - Bairro Jaraguá",
   "unid_CEP": "57025-080",
   "Lng": -9.667918,
   "Lat": -35.720943,
   "icon": "large_blue"
 },
 {
   "uf": 28,
   "nome_uf": "Sergipe",
   "nome_municipio": "Aracaju",
   "codigo_municipio_completo": 2800308,
   "unidade_pf": "Superintendência Regional em Sergipe",
   "unidade_crim": "Setor Técnico-Científico",
   "sigla_crim": "SETEC/SR/PF/SE",
   "unid_endereco": "Avenida Augusto Franco 2260, Bairro Siqueira Campos",
   "unid_CEP": "49075-100",
   "Lng": -10.924911,
   "Lat": -37.072087,
   "icon": "large_blue"
 },
 {
   "uf": 29,
   "nome_uf": "Bahia",
   "nome_municipio": "Salvador",
   "codigo_municipio_completo": 2927408,
   "unidade_pf": "Superintendência Regional na Bahia",
   "unidade_crim": "Setor Técnico-Científico",
   "sigla_crim": "SETEC/SR/PF/BA",
   "unid_endereco": "Av. Oscar Pontes, 339 Bairro Água de Meninos",
   "unid_CEP": "40460-130",
   "Lng": -12.959926,
   "Lat": -38.505147,
   "icon": "large_blue"
 },
 {
   "uf": 29,
   "nome_uf": "Bahia",
   "nome_municipio": "Juazeiro",
   "codigo_municipio_completo": 2918407,
   "unidade_pf": "Delegacia de Juazeiro",
   "unidade_crim": "Unidade Técnico-Científica",
   "sigla_crim": "UTEC/PF/JZO/BA",
   "unid_endereco": "Rua Amazonas nº 99 Bairro Santo Antônio",
   "unid_CEP": "48903-240",
   "Lng": -9.415758,
   "Lat": -40.509367,
   "icon": "large_green"
 },
 {
   "uf": 31,
   "nome_uf": "Minas Gerais",
   "nome_municipio": "Belo Horizonte",
   "codigo_municipio_completo": 3106200,
   "unidade_pf": "Superintendência Regional em Minas Gerais",
   "unidade_crim": "Setor Técnico-Científico",
   "sigla_crim": "SETEC/SR/PF/MG",
   "unid_endereco": "Rua Nascimento Gurgel, n° 30 - Bairro Gutierrez ",
   "unid_CEP": "30430-340",
   "Lng": -19.942218,
   "Lat": -43.956621,
   "icon": "large_blue"
 },
 {
   "uf": 31,
   "nome_uf": "Minas Gerais",
   "nome_municipio": "Juiz de Fora",
   "codigo_municipio_completo": 3136702,
   "unidade_pf": "Delegacia de Juiz de Fora",
   "unidade_crim": "Unidade Técnico-Científica",
   "sigla_crim": "UTEC/PF/JFA/MG",
   "unid_endereco": "Av. Brasil, n° 4.150, Bairro Manoel Honório",
   "unid_CEP": "36.052-600",
   "Lng": -21.745087,
   "Lat": -43.35294,
   "icon": "large_green"
 },
 {
   "uf": 31,
   "nome_uf": "Minas Gerais",
   "nome_municipio": "Uberlândia",
   "codigo_municipio_completo": 3170206,
   "unidade_pf": "Delegacia de Uberlândia",
   "unidade_crim": "Unidade Técnico-Científica",
   "sigla_crim": "UTEC/PF/UDI/MG",
   "unid_endereco": "Av. João Naves de Ávila, n° 5800 - Bairro Pampulha",
   "unid_CEP": "38408-680",
   "Lng": -18.932127,
   "Lat": -48.237049,
   "icon": "large_green"
 },
 {
   "uf": 32,
   "nome_uf": "Espírito Santo",
   "nome_municipio": "Vitória",
   "codigo_municipio_completo": 3205309,
   "unidade_pf": "Delegacia de Vitória",
   "unidade_crim": "Setor Técnico-Científico",
   "sigla_crim": "SETEC/SR/PF/ES",
   "unid_endereco": "Rua Vale do Rio Doce, 01 São Torquato, Vila Velha",
   "unid_CEP": "29114-105",
   "Lng": -20.316736,
   "Lat": -40.312527,
   "icon": "large_blue"
 },
 {
   "uf": 33,
   "nome_uf": "Rio de Janeiro",
   "nome_municipio": "Rio de Janeiro",
   "codigo_municipio_completo": 3304557,
   "unidade_pf": "Superintendência Regional no Rio de Janeiro",
   "unidade_crim": "Setor Técnico-Científico",
   "sigla_crim": "SETEC/SR/PF/RJ",
   "unid_endereco": "Av. Rodrigues Alves, 1 - Saúde",
   "unid_CEP": "20081-250",
   "Lng": -22.895866,
   "Lat": -43.18258,
   "icon": "large_blue"
 },
 {
   "uf": 35,
   "nome_uf": "São Paulo",
   "nome_municipio": "São Paulo",
   "codigo_municipio_completo": 3550308,
   "unidade_pf": "Superintendência Regional em São Paulo",
   "unidade_crim": "Setor Técnico-Científico",
   "sigla_crim": "SETEC/SR/PF/SP",
   "unid_endereco": "R. Hugo D'Antola, 95 - Lapa de Baixo",
   "unid_CEP": "05038-090",
   "Lng": -23.511186,
   "Lat": -46.704315,
   "icon": "large_blue"
 },
 {
   "uf": 35,
   "nome_uf": "São Paulo",
   "nome_municipio": "Araçatuba",
   "codigo_municipio_completo": 3502804,
   "unidade_pf": "Delegacia de Araçatuba",
   "unidade_crim": "Unidade Técnico-Científica",
   "sigla_crim": "UTEC/PF/ARU/SP",
   "unid_endereco": "Av. Brasília, 2.212 - Jardim Nova Iorque",
   "unid_CEP": "16018-000",
   "Lng": -21.228851,
   "Lat": -50.437919,
   "icon": "large_green"
 },
 {
   "uf": 35,
   "nome_uf": "São Paulo",
   "nome_municipio": "Marília",
   "codigo_municipio_completo": 3529005,
   "unidade_pf": "Delegacia de Marília",
   "unidade_crim": "Unidade Técnico-Científica",
   "sigla_crim": "UTEC/PF/MII/SP",
   "unid_endereco": "Av. Joquei Clube, nº 87",
   "unid_CEP": "17521-450",
   "Lng": -22.232557,
   "Lat": -49.918536,
   "icon": "large_green"
 },
 {
   "uf": 35,
   "nome_uf": "São Paulo",
   "nome_municipio": "Presidente Prudente",
   "codigo_municipio_completo": 3541406,
   "unidade_pf": "Delegacia de Presidente Prudente",
   "unidade_crim": "Unidade Técnico-Científica",
   "sigla_crim": "UTEC/PF/PDE/SP",
   "unid_endereco": "Avenida Luis Cezário, nº 380 – Jd. Colina",
   "unid_CEP": "19061-145",
   "Lng": -22.128118,
   "Lat": -51.416155,
   "icon": "large_green"
 },
 {
   "uf": 35,
   "nome_uf": "São Paulo",
   "nome_municipio": "Ribeirão Preto",
   "codigo_municipio_completo": 3543402,
   "unidade_pf": "Delegacia de Ribeirão Preto",
   "unidade_crim": "Unidade Técnico-Científica",
   "sigla_crim": "UTEC/PF/RPO/SP",
   "unid_endereco": "Rua João Alves da Silva Jr. nº 546 - Bairro Jardim Canadá",
   "unid_CEP": "14095-220",
   "Lng": -21.211049,
   "Lat": -47.811767,
   "icon": "large_green"
 },
 {
   "uf": 35,
   "nome_uf": "São Paulo",
   "nome_municipio": "São José dos Campos",
   "codigo_municipio_completo": 3549904,
   "unidade_pf": "Delegacia de São José dos Campos",
   "unidade_crim": "Unidade Técnico-Científica",
   "sigla_crim": "UTEC/PF/SJK/SP",
   "unid_endereco": "Av. Tivoli, 44 - Vila Bethânia",
   "unid_CEP": "12245-481",
   "Lng": -23.205295,
   "Lat": -45.88831,
   "icon": "large_green"
 },
 {
   "uf": 35,
   "nome_uf": "São Paulo",
   "nome_municipio": "Sorocaba",
   "codigo_municipio_completo": 3552205,
   "unidade_pf": "Delegacia de Sorocaba",
   "unidade_crim": "Unidade Técnico-Científica",
   "sigla_crim": "UTEC/PF/SOD/SP",
   "unid_endereco": "Rodovia Raposo Tavares, km 103,5 - Jardim Itanguá",
   "unid_CEP": "18052-775 ",
   "Lng": -23.535732,
   "Lat": -47.497753,
   "icon": "large_green"
 },
 {
   "uf": 35,
   "nome_uf": "São Paulo",
   "nome_municipio": "Campinas",
   "codigo_municipio_completo": 3509502,
   "unidade_pf": "Delegacia de Campinas",
   "unidade_crim": "Núcleo Técnico-Científico",
   "sigla_crim": "NUTEC/PF/CAS/SP",
   "unid_endereco": "Rua Dr. Antônio Álvares Lobo, 620, Botafogo",
   "unid_CEP": "13020-110",
   "Lng": -22.897785,
   "Lat": -47.067759,
   "icon": "large_purple"
 },
 {
   "uf": 35,
   "nome_uf": "São Paulo",
   "nome_municipio": "Santos",
   "codigo_municipio_completo": 3548500,
   "unidade_pf": "Delegacia de Santos",
   "unidade_crim": "Núcleo Técnico-Científico",
   "sigla_crim": "NUTEC/PF/STS/SP",
   "unid_endereco": "Rua Riachelo, 27. Centro",
   "unid_CEP": "11.010-021",
   "Lng": -23.932947,
   "Lat": -46.329067,
   "icon": "large_purple"
 },
 {
   "uf": 41,
   "nome_uf": "Paraná",
   "nome_municipio": "Curitiba",
   "codigo_municipio_completo": 4106902,
   "unidade_pf": "Superintendência Regional no Paraná",
   "unidade_crim": "Setor Técnico-Científico",
   "sigla_crim": "SETEC/SR/PF/PR",
   "unid_endereco": "Rua Professora Sandália Monzon, 210 – Santa Cândida",
   "unid_CEP": "82640-040",
   "Lng": -25.37672,
   "Lat": -49.227758,
   "icon": "large_blue"
 },
 {
   "uf": 41,
   "nome_uf": "Paraná",
   "nome_municipio": "Guaíra",
   "codigo_municipio_completo": 4108809,
   "unidade_pf": "Delegacia de Guaíra",
   "unidade_crim": "Unidade Técnico-Científica",
   "sigla_crim": "UTEC/PF/GRA/PR",
   "unid_endereco": "Praça Castelo Branco, nº 200, Centro",
   "unid_CEP": "85980-000",
   "Lng": -24.083415,
   "Lat": -54.243684,
   "icon": "large_green"
 },
 {
   "uf": 41,
   "nome_uf": "Paraná",
   "nome_municipio": "Londrina",
   "codigo_municipio_completo": 4113700,
   "unidade_pf": "Delegacia de Londrina",
   "unidade_crim": "Unidade Técnico-Científica",
   "sigla_crim": "UTEC/PF/LDA/PR",
   "unid_endereco": "Rua Tietê nº 1450, Bairro Vila Nova",
   "unid_CEP": "86025-230",
   "Lng": -23.295144,
   "Lat": -51.168268,
   "icon": "large_green"
 },
 {
   "uf": 41,
   "nome_uf": "Paraná",
   "nome_municipio": "Foz do Iguaçu",
   "codigo_municipio_completo": 4108304,
   "unidade_pf": "Delegacia de Foz do Iguaçu",
   "unidade_crim": "Núcleo Técnico-Científico",
   "sigla_crim": "NUTEC/PF/FIG/PR",
   "unid_endereco": "Av. Paraná, 3471 – Jd. Pólo Centro",
   "unid_CEP": "85863-720",
   "Lng": -25.516513,
   "Lat": -54.574381,
   "icon": "large_purple"
 },
 {
   "uf": 42,
   "nome_uf": "Santa Catarina",
   "nome_municipio": "Florianópolis",
   "codigo_municipio_completo": 4205407,
   "unidade_pf": "Superintendência Regional em Santa Catarina",
   "unidade_crim": "Setor Técnico-Científico",
   "sigla_crim": "SETEC/SR/PF/SC",
   "unid_endereco": "Rua Paschoal Apóstolo Pítsica, 4744, Agronômica",
   "unid_CEP": "88025-255",
   "Lng": -27.572696,
   "Lat": -48.53167,
   "icon": "large_blue"
 },
 {
   "uf": 43,
   "nome_uf": "Rio Grande do Sul",
   "nome_municipio": "Porto Alegre",
   "codigo_municipio_completo": 4314902,
   "unidade_pf": "Superintendência Regional no Rio Grande do Sul",
   "unidade_crim": "Setor Técnico-Científico",
   "sigla_crim": "UTEC/PF/",
   "unid_endereco": "Av. Ipiranga 1365 - Bairro Azenha",
   "unid_CEP": "90160-093",
   "Lng": -30.048043,
   "Lat": -51.215048,
   "icon": "large_blue"
 },
 {
   "uf": 43,
   "nome_uf": "Rio Grande do Sul",
   "nome_municipio": "Passo Fundo",
   "codigo_municipio_completo": 4314100,
   "unidade_pf": "Delegacia de Passo Fundo",
   "unidade_crim": "Unidade Técnico-Científica",
   "sigla_crim": "UTEC/PF/PFO/RS",
   "unid_endereco": "Av. Sete de Setembro, nº 10 - Bairro Centro",
   "unid_CEP": "99010-120",
   "Lng": -28.256869,
   "Lat": -52.417961,
   "icon": "large_green"
 },
 {
   "uf": 43,
   "nome_uf": "Rio Grande do Sul",
   "nome_municipio": "Pelotas",
   "codigo_municipio_completo": 4314407,
   "unidade_pf": "Delegacia de Pelotas",
   "unidade_crim": "Unidade Técnico-Científica",
   "sigla_crim": "UTEC/PF/PTS/RS",
   "unid_endereco": "Avenida Duque de Caxias nº 1.049. Bairro Fragata",
   "unid_CEP": "96030-003",
   "Lng": -31.756071,
   "Lat": -52.387056,
   "icon": "large_green"
 },
 {
   "uf": 43,
   "nome_uf": "Rio Grande do Sul",
   "nome_municipio": "Santa Maria",
   "codigo_municipio_completo": 4316907,
   "unidade_pf": "Delegacia de Santa Maria",
   "unidade_crim": "Unidade Técnico-Científica",
   "sigla_crim": "UTEC/PF/SMA/RS",
   "unid_endereco": "R. Vale Machado, 1361 - Centro",
   "unid_CEP": "97010-530",
   "Lng": -29.682314,
   "Lat": -53.809639,
   "icon": "large_green"
 },
 {
   "uf": 50,
   "nome_uf": "Mato Grosso do Sul",
   "nome_municipio": "Campo Grande",
   "codigo_municipio_completo": 5002704,
   "unidade_pf": "Superintendência Regional em Mato Grosso do Sul",
   "unidade_crim": "Setor Técnico-Científico",
   "sigla_crim": "SETEC/SR/PF/MS",
   "unid_endereco": "R. Fernando Luiz Fernandes, 322 - Vila Sobrinho",
   "unid_CEP": "79110-503",
   "Lng": -20.453945,
   "Lat": -54.643795,
   "icon": "large_blue"
 },
 {
   "uf": 50,
   "nome_uf": "Mato Grosso do Sul",
   "nome_municipio": "Dourados",
   "codigo_municipio_completo": 5003702,
   "unidade_pf": "Delegacia de Dourados",
   "unidade_crim": "Unidade Técnico-Científica",
   "sigla_crim": "UTEC/PF/DRS/MS",
   "unid_endereco": "Rua Aziz Rasselen, 360 - Vila Popular",
   "unid_CEP": "79822-059",
   "Lng": -22.226106,
   "Lat": -54.830221,
   "icon": "large_green"
 },
 {
   "uf": 51,
   "nome_uf": "Mato Grosso",
   "nome_municipio": "Cuiabá",
   "codigo_municipio_completo": 5103403,
   "unidade_pf": "Superintendência Regional em Mato Grosso",
   "unidade_crim": "Setor Técnico-Científico",
   "sigla_crim": "SETEC/SR/PF/MT",
   "unid_endereco": "Av. Historiador Rubens de Mendonça, n.1205, Araés",
   "unid_CEP": "78008-902",
   "Lng": -15.588747,
   "Lat": -56.084313,
   "icon": "large_blue"
 },
 {
   "uf": 51,
   "nome_uf": "Mato Grosso",
   "nome_municipio": "Rondonópolis",
   "codigo_municipio_completo": 5107602,
   "unidade_pf": "Delegacia de Rondonópolis",
   "unidade_crim": "Unidade Técnico-Científica",
   "sigla_crim": "UTEC/PF/ROO/MT",
   "unid_endereco": "Rua Sete de Setembro, 558, Bairro: Vila Birigui",
   "unid_CEP": "78705-010",
   "Lng": -16.462018,
   "Lat": -54.643744,
   "icon": "large_green"
 },
 {
   "uf": 51,
   "nome_uf": "Mato Grosso",
   "nome_municipio": "Sinop",
   "codigo_municipio_completo": 5107909,
   "unidade_pf": "Delegacia de Sinop",
   "unidade_crim": "Unidade Técnico-Científica",
   "sigla_crim": "UTEC/PF/SIC/MT",
   "unid_endereco": "Av. das Figueiras, 1115, Centro",
   "unid_CEP": "78550-000",
   "Lng": -11.85326,
   "Lat": -55.504593,
   "icon": "large_green"
 },
 {
   "uf": 52,
   "nome_uf": "Goiás",
   "nome_municipio": "Goiânia",
   "codigo_municipio_completo": 5208707,
   "unidade_pf": "Superintendência Regional em Goiás",
   "unidade_crim": "Setor Técnico-Científico",
   "sigla_crim": "SETEC/SR/PF/GO",
   "unid_endereco": "Av. Edmundo Pinheiro de Abreu, nº 826 - Setor Bela Vista",
   "unid_CEP": "74823-030",
   "Lng": -16.709871,
   "Lat": -49.260913,
   "icon": "large_blue"
 },
 {
   "uf": 53,
   "nome_uf": "Distrito Federal",
   "nome_municipio": "Brasília",
   "codigo_municipio_completo": 5300108,
   "unidade_pf": "Superintendência Regional do Distrito Federal",
   "unidade_crim": "Setor Técnico-Científico",
   "sigla_crim": "SETEC/SR/PF/DF",
   "unid_endereco": "SAIS Quadra 7 - Lote 23 - Setor Policial Sul Brasília",
   "unid_CEP": "70610-902",
   "Lng": -15.827939,
   "Lat": -47.931696,
   "icon": "large_blue"
 }
]
